image_name,latitude,longitude
000000001.png,36.60151833333333,120.44571166666668
000000002.png,36.60149833333333,120.44566833333332
000000003.png,36.601485,120.44563666666669
000000004.png,36.601463333333335,120.44559166666669
000000005.png,36.60144833333333,120.44556
000000006.png,36.60142666666667,120.44551333333334
000000007.png,36.60141,120.44548333333331
000000008.png,36.60138833333333,120.44543666666668
000000009.png,36.601373333333335,120.445405
000000010.png,36.601355,120.44535833333332
000000011.png,36.60134,120.44532666666667
000000012.png,36.60131666666667,120.44528166666667
000000013.png,36.60130333333333,120.44525
000000014.png,36.601281666666665,120.44520333333334
000000015.png,36.60127166666667,120.44517333333332
000000016.png,36.60125166666667,120.44512666666668
000000017.png,36.601236666666665,120.44509666666669
000000018.png,36.601216666666666,120.44505166666669
000000019.png,36.60120333333333,120.44502
000000020.png,36.60118333333333,120.444975
000000021.png,36.601165,120.444945
000000022.png,36.601148333333335,120.44489666666666
000000023.png,36.60113166666667,120.44486833333332
000000024.png,36.60111,120.44482166666668
000000025.png,36.601095,120.44479
000000026.png,36.601075,120.44474333333334
000000027.png,36.601061666666666,120.44471333333334
000000028.png,36.60104,120.44466666666666
000000029.png,36.60102666666667,120.44463666666668
000000030.png,36.60100333333333,120.44459
000000031.png,36.600991666666665,120.44455833333332
000000032.png,36.600971666666666,120.44451
000000033.png,36.600955,120.44448
000000034.png,36.60093333333333,120.44443333333334
000000035.png,36.60092,120.4444
000000036.png,36.60089833333333,120.44435333333334
000000037.png,36.60088,120.444325
000000038.png,36.60086,120.44427833333332
000000039.png,36.60084666666667,120.444245
000000040.png,36.60082666666667,120.444195
000000041.png,36.600813333333335,120.44416333333334
000000042.png,36.600791666666666,120.444115
000000043.png,36.60077666666667,120.44408333333334
000000044.png,36.600755,120.444035
000000045.png,36.60074,120.44400333333331
000000046.png,36.60071833333333,120.44395666666668
000000047.png,36.600705,120.443925
000000048.png,36.600683333333336,120.44387666666668
000000049.png,36.60066833333333,120.443845
000000050.png,36.60064833333333,120.44379666666669
000000051.png,36.600635,120.443765
000000052.png,36.600613333333335,120.44371833333334
000000053.png,36.60059833333333,120.44368666666666
000000054.png,36.60057666666667,120.44363833333334
000000055.png,36.60056333333333,120.44360666666668
000000056.png,36.600541666666665,120.44356
000000057.png,36.60052666666667,120.44352666666668
000000058.png,36.600505,120.44348
000000059.png,36.60049,120.44344833333334
000000060.png,36.60046833333333,120.4434
000000061.png,36.60045333333333,120.44337
000000062.png,36.600431666666665,120.44332166666666
000000063.png,36.60041833333333,120.44329166666668
000000064.png,36.600395,120.443245
000000065.png,36.60038,120.443215
000000066.png,36.60036166666666,120.44316666666668
000000067.png,36.600345,120.443135
000000068.png,36.60032666666667,120.44308666666667
000000069.png,36.60031166666667,120.44305666666666
000000070.png,36.60028833333333,120.44301
000000071.png,36.600275,120.44297833333331
000000072.png,36.600253333333335,120.44293166666668
000000073.png,36.60024,120.44290166666669
000000074.png,36.60021833333333,120.442855
000000075.png,36.60020333333333,120.44282333333334
000000076.png,36.60018166666666,120.44277666666666
000000077.png,36.60016666666667,120.442745
000000078.png,36.60014666666667,120.44269666666666
000000079.png,36.60013166666667,120.442665
000000080.png,36.60011166666666,120.44261833333331
000000081.png,36.600096666666666,120.442585
000000082.png,36.60007333333333,120.44253666666668
000000083.png,36.60006166666667,120.442505
000000084.png,36.60004166666667,120.44245666666669
000000085.png,36.600025,120.442425
000000086.png,36.60000333333333,120.44237833333334
000000087.png,36.59999,120.44234666666668
000000088.png,36.599963333333335,120.44230333333331
000000089.png,36.59995,120.44227166666668
000000090.png,36.59993,120.44222333333332
000000091.png,36.599916666666665,120.44219166666667
000000092.png,36.599898333333336,120.442145
000000093.png,36.59988333333333,120.44211166666666
000000094.png,36.59986166666667,120.44206666666666
000000095.png,36.59984666666666,120.44203666666668
000000096.png,36.599826666666665,120.44198833333331
000000097.png,36.59981166666667,120.44195666666668
000000098.png,36.59979,120.44191
000000099.png,36.59977666666666,120.44187833333334
000000100.png,36.599755,120.44183
000000101.png,36.59974,120.44179833333334
000000102.png,36.59971333333333,120.44175166666666
000000103.png,36.599705,120.44171833333333
000000104.png,36.59968,120.44167166666666
000000105.png,36.599665,120.44164
000000106.png,36.599645,120.44159333333332
000000107.png,36.59963166666667,120.44156
000000108.png,36.59961333333333,120.44151166666668
000000109.png,36.59959666666666,120.44148166666666
000000110.png,36.59957333333333,120.441435
000000111.png,36.59956,120.44140333333333
000000112.png,36.599536666666665,120.44135666666666
000000113.png,36.599525,120.441325
000000114.png,36.59950166666667,120.44127833333332
000000115.png,36.59948833333333,120.44124666666669
000000116.png,36.599465,120.4412
000000117.png,36.59945166666667,120.44116833333334
000000118.png,36.59943,120.44112166666666
000000119.png,36.59941666666667,120.44109166666668
000000120.png,36.599395,120.44104333333334
000000121.png,36.59938,120.44101333333332
000000122.png,36.59936,120.44096833333332
000000123.png,36.599345,120.440935
000000124.png,36.599325,120.44088833333332
000000125.png,36.599311666666665,120.44085666666666
000000126.png,36.59929,120.44081
000000127.png,36.59927666666667,120.44078
000000128.png,36.59925666666667,120.44073333333333
000000129.png,36.59924166666666,120.44070166666668
000000130.png,36.59922,120.44065666666668
000000131.png,36.59920833333334,120.44062333333332
000000132.png,36.599183333333336,120.44058
000000133.png,36.59916833333333,120.44054833333334
000000134.png,36.59914666666667,120.44050166666666
000000135.png,36.59913333333333,120.44047
000000136.png,36.599111666666666,120.44042166666668
000000137.png,36.59909666666667,120.44039
000000138.png,36.59907666666667,120.44034333333332
000000139.png,36.59906333333333,120.44031166666667
000000140.png,36.599041666666665,120.44026333333332
000000141.png,36.59902666666667,120.44023166666666
000000142.png,36.59900666666667,120.440185
000000143.png,36.59898833333333,120.44015333333331
000000144.png,36.59897,120.440105
000000145.png,36.598955,120.44007333333332
000000146.png,36.598935,120.44002666666668
000000147.png,36.59891833333333,120.439995
000000148.png,36.59889833333333,120.43994833333332
000000149.png,36.59888,120.43991833333334
000000150.png,36.59885833333333,120.43987
000000151.png,36.598845,120.43983833333331
000000152.png,36.598825,120.43979
000000153.png,36.59881,120.43975833333332
000000154.png,36.59878833333333,120.43971
000000155.png,36.598775,120.43967833333332
000000156.png,36.598753333333335,120.43963166666668
000000157.png,36.59873833333333,120.4396
000000158.png,36.59871666666667,120.43955333333334
000000159.png,36.59870333333333,120.43952166666666
000000160.png,36.59868166666666,120.43947333333334
000000161.png,36.598668333333336,120.43944333333332
000000162.png,36.59865,120.439395
000000163.png,36.598635,120.439365
000000164.png,36.59861333333333,120.43931833333332
000000165.png,36.59859333333333,120.43929333333334
000000166.png,36.598571666666665,120.439245
000000167.png,36.59855833333334,120.43921333333331
000000168.png,36.59854166666667,120.439165
000000169.png,36.59852833333333,120.43913333333332
000000170.png,36.598505,120.43908833333332
000000171.png,36.59849,120.43905833333334
000000172.png,36.59846833333334,120.43901166666669
000000173.png,36.59845333333333,120.43898166666666
000000174.png,36.59843333333333,120.43893333333334
000000175.png,36.59842,120.43890166666668
000000176.png,36.598398333333336,120.438855
000000177.png,36.59838333333333,120.438825
000000178.png,36.598365,120.43877666666668
000000179.png,36.59835,120.438745
000000180.png,36.59833,120.43869833333332
000000181.png,36.59831666666667,120.43866666666666
000000182.png,36.598295,120.43862166666666
000000183.png,36.59828,120.43859166666668
000000184.png,36.59825833333333,120.438545
000000185.png,36.598245,120.43851333333332
000000186.png,36.59822333333334,120.43846666666668
000000187.png,36.59821,120.438435
000000188.png,36.59818833333333,120.43838833333334
000000189.png,36.598175,120.43835833333333
000000190.png,36.598153333333336,120.43831
000000191.png,36.59814,120.43828
000000192.png,36.59811833333333,120.43823166666668
000000193.png,36.59810333333333,120.4382
000000194.png,36.598081666666666,120.43815333333332
000000195.png,36.59806666666667,120.43812166666666
000000196.png,36.598045,120.43807333333334
000000197.png,36.59803,120.43804
000000198.png,36.59800833333333,120.43799166666666
000000199.png,36.597993333333335,120.43796
000000200.png,36.59797,120.43791333333331
000000201.png,36.59795833333333,120.43788
000000202.png,36.59793833333333,120.43783166666668
000000203.png,36.597925,120.43779833333332
000000204.png,36.597903333333335,120.43775166666668
000000205.png,36.59788833333333,120.43772
000000206.png,36.59786666666667,120.43767166666666
000000207.png,36.59785333333333,120.43764
000000208.png,36.59782833333333,120.43759333333334
000000209.png,36.59782,120.43756333333332
000000210.png,36.597795,120.43751333333331
000000211.png,36.59778166666667,120.43748166666668
000000212.png,36.59775833333333,120.437435
000000213.png,36.59774333333333,120.437405
000000214.png,36.59771833333333,120.43736
000000215.png,36.597703333333335,120.43733
000000216.png,36.59768666666667,120.43728
000000217.png,36.59767333333333,120.43725
000000218.png,36.59765166666666,120.43720333333331
000000219.png,36.597638333333336,120.43717333333332
000000220.png,36.59761666666667,120.43712666666669
000000221.png,36.59760333333333,120.437095
000000222.png,36.59758166666667,120.43705166666666
000000223.png,36.597566666666665,120.43702
000000224.png,36.597546666666666,120.436975
000000225.png,36.59753166666667,120.43694333333332
000000226.png,36.59751,120.43689666666668
000000227.png,36.597496666666665,120.43686666666666
000000228.png,36.597475,120.43681833333332
000000229.png,36.59746,120.43678833333334
000000230.png,36.59744,120.43674
000000231.png,36.59742666666666,120.43670833333331
000000232.png,36.597405,120.43666
000000233.png,36.59739166666667,120.43662833333332
000000234.png,36.59737,120.43658166666668
000000235.png,36.59735166666667,120.43655166666667
000000236.png,36.59733166666667,120.43650333333332
000000237.png,36.59731833333333,120.43647166666666
000000238.png,36.597296666666665,120.436425
000000239.png,36.59728166666667,120.43639333333331
000000240.png,36.59725666666667,120.43634666666668
000000241.png,36.59724,120.436315
000000242.png,36.59722333333333,120.436265
000000243.png,36.59721166666667,120.43623333333332
000000244.png,36.59719,120.43618666666669
000000245.png,36.59717666666667,120.43615666666666
000000246.png,36.59715833333333,120.436115
000000247.png,36.597145,120.43609
000000248.png,36.59712833333333,120.43605333333332
000000249.png,36.59712,120.43603166666666
000000250.png,36.597105,120.436
000000251.png,36.597095,120.43598166666666
000000252.png,36.597085,120.43595666666668
000000253.png,36.597076666666666,120.43594166666666
000000254.png,36.59706833333333,120.43592166666669
000000255.png,36.59706333333333,120.43591166666668
000000256.png,36.59705666666667,120.43589833333333
000000257.png,36.597055,120.43589
000000258.png,36.59705,120.43588
000000259.png,36.59704666666666,120.43587333333332
000000260.png,36.59704333333333,120.43586166666668
000000261.png,36.59704,120.43585833333331
000000262.png,36.59703666666667,120.435855
000000263.png,36.59703666666667,120.43585333333333
000000264.png,36.597035,120.43585166666666
000000265.png,36.59703666666667,120.43585166666666
000000266.png,36.597035,120.43585333333333
000000267.png,36.597033333333336,120.43585666666668
000000268.png,36.597031666666666,120.435865
000000269.png,36.59703,120.43587166666669
000000270.png,36.597025,120.43588333333334
000000271.png,36.59702,120.435895
000000272.png,36.59701166666667,120.43591333333332
000000273.png,36.597005,120.43592833333334
000000274.png,36.59699333333333,120.43595333333332
000000275.png,36.596986666666666,120.43597166666666
000000276.png,36.59697166666667,120.43600333333332
000000277.png,36.596961666666665,120.436025
000000278.png,36.59694833333333,120.43605833333334
000000279.png,36.59693,120.43609
000000280.png,36.59691,120.436135
000000281.png,36.596896666666666,120.436165
000000282.png,36.59687666666667,120.43620833333334
000000283.png,36.59686166666667,120.43623833333334
000000284.png,36.59685,120.43627833333332
000000285.png,36.596828333333335,120.43631833333332
000000286.png,36.596806666666666,120.43636666666669
000000287.png,36.59679333333333,120.43639666666668
000000288.png,36.59676666666667,120.436445
000000289.png,36.59675166666667,120.43647666666666
000000290.png,36.59672833333333,120.436525
000000291.png,36.59673,120.436545
000000292.png,36.59670833333333,120.43659166666669
000000293.png,36.59669333333333,120.43662333333332
000000294.png,36.596675,120.43666833333332
000000295.png,36.59666,120.4367
000000296.png,36.59663833333333,120.43674666666666
000000297.png,36.596625,120.43677833333334
000000298.png,36.59660333333333,120.43682666666666
000000299.png,36.59658833333334,120.43685833333332
000000300.png,36.59656833333333,120.436905
000000301.png,36.59654333333334,120.436945
000000302.png,36.59652166666667,120.43699166666669
000000303.png,36.596515,120.43701833333331
000000304.png,36.596493333333335,120.437065
000000305.png,36.596485,120.43709166666666
000000306.png,36.59646166666667,120.43713833333334
000000307.png,36.596448333333335,120.43717166666669
000000308.png,36.596426666666666,120.43721833333332
000000309.png,36.596415,120.43724833333332
000000310.png,36.59639333333333,120.437295
000000311.png,36.59637833333333,120.43732666666666
000000312.png,36.596356666666665,120.43737333333333
000000313.png,36.59634333333333,120.437405
000000314.png,36.59632166666667,120.43745
000000315.png,36.59630833333333,120.43748166666668
000000316.png,36.59628833333333,120.43753
000000317.png,36.596273333333336,120.43756166666668
000000318.png,36.59625,120.43760833333332
000000319.png,36.596228333333336,120.43764666666668
000000320.png,36.596215,120.43768666666666
000000321.png,36.596203333333335,120.43771666666666
000000322.png,36.596181666666666,120.437765
000000323.png,36.59616833333333,120.437795
000000324.png,36.596145,120.43784333333332
000000325.png,36.59613333333333,120.43787333333331
000000326.png,36.596113333333335,120.43792
000000327.png,36.59609833333333,120.43795166666666
000000328.png,36.59607666666667,120.43799666666666
000000329.png,36.59606333333333,120.43802833333334
000000330.png,36.596041666666665,120.438075
000000331.png,36.596025,120.43810666666668
000000332.png,36.596003333333336,120.43815333333332
000000333.png,36.59599,120.438185
000000334.png,36.59596833333333,120.43823166666668
000000335.png,36.595956666666666,120.43826166666666
000000336.png,36.595935,120.43830833333334
000000337.png,36.59592,120.43834
000000338.png,36.59589833333333,120.43838833333334
000000339.png,36.59588333333333,120.43842
000000340.png,36.59586,120.43846666666668
000000341.png,36.595848333333336,120.43849666666668
000000342.png,36.59583,120.43854333333331
000000343.png,36.595815,120.438575
000000344.png,36.59579333333333,120.43862166666666
000000345.png,36.59578,120.43865333333332
000000346.png,36.59576,120.4387
000000347.png,36.595745,120.43873166666668
000000348.png,36.595725,120.43877833333332
000000349.png,36.59571,120.43881
000000350.png,36.59569,120.43885833333331
000000351.png,36.595675,120.43888833333334
000000352.png,36.595655,120.43893666666666
000000353.png,36.595641666666666,120.43896833333334
000000354.png,36.59562,120.439015
000000355.png,36.59560666666667,120.439045
000000356.png,36.59558333333333,120.439095
000000357.png,36.595571666666665,120.439125
000000358.png,36.59555,120.43917166666668
000000359.png,36.595535,120.43920166666666
000000360.png,36.59551333333334,120.43925
000000361.png,36.5955,120.43928
000000362.png,36.59548,120.43932666666667
000000363.png,36.595465,120.43935833333332
000000364.png,36.595445,120.439405
000000365.png,36.59543,120.43943666666668
000000366.png,36.59541,120.43948333333331
000000367.png,36.595396666666666,120.439515
000000368.png,36.595375,120.43956166666666
000000369.png,36.59536,120.43959166666669
000000370.png,36.59534,120.43964
000000371.png,36.595325,120.43967
000000372.png,36.595305,120.43971833333332
000000373.png,36.59529,120.43975
000000374.png,36.59526833333334,120.43979666666668
000000375.png,36.59525666666666,120.43982666666666
000000376.png,36.595235,120.439875
000000377.png,36.59522166666667,120.439905
000000378.png,36.5952,120.43995333333334
000000379.png,36.595185,120.43998333333332
000000380.png,36.59516666666666,120.44003
000000381.png,36.59515,120.44006166666668
000000382.png,36.59513,120.44010666666668
000000383.png,36.59511833333333,120.44013333333334
000000384.png,36.5951,120.440175
000000385.png,36.59508833333334,120.4402
000000386.png,36.59507166666667,120.44023666666666
000000387.png,36.595061666666666,120.44026
000000388.png,36.59504666666667,120.44029166666668
000000389.png,36.595036666666665,120.44031
000000390.png,36.595025,120.44033666666668
000000391.png,36.595018333333336,120.44035
000000392.png,36.59501,120.44037166666666
000000393.png,36.59500333333333,120.44038333333332
000000394.png,36.594995,120.44039666666669
000000395.png,36.594993333333335,120.440405
000000396.png,36.59498833333333,120.44041666666666
000000397.png,36.59498666666666,120.44042166666668
000000398.png,36.594985,120.44043166666668
000000399.png,36.59498166666667,120.44043666666668
000000400.png,36.59498,120.44044166666669
000000401.png,36.59498,120.440445
000000402.png,36.59498,120.440445
000000403.png,36.59498,120.44044333333332
000000404.png,36.59497833333333,120.44044333333332
000000405.png,36.59497666666667,120.44044333333332
000000406.png,36.594971666666666,120.44044333333332
000000407.png,36.59496666666666,120.44044166666669
000000408.png,36.59495666666667,120.44044333333332
000000409.png,36.594948333333335,120.440445
000000410.png,36.59493333333333,120.44044666666667
000000411.png,36.59492,120.44045
000000412.png,36.5949,120.44045333333334
000000413.png,36.594885,120.44045666666666
000000414.png,36.59486166666667,120.44046166666666
000000415.png,36.59484333333333,120.44046666666668
000000416.png,36.594811666666665,120.44047166666668
000000417.png,36.59478833333333,120.44047666666668
000000418.png,36.59475666666667,120.44048166666668
000000419.png,36.59473,120.44048666666669
000000420.png,36.59469,120.440495
000000421.png,36.59466166666667,120.4405
000000422.png,36.59462,120.44050666666666
000000423.png,36.594593333333336,120.44051166666668
000000424.png,36.594548333333336,120.44051833333332
000000425.png,36.59452,120.440525
000000426.png,36.594476666666665,120.44053333333332
000000427.png,36.59444833333333,120.44054
000000428.png,36.59440333333333,120.44054833333334
000000429.png,36.594375,120.440555
000000430.png,36.59433,120.44056333333332
000000431.png,36.59430166666667,120.44057
000000432.png,36.59426,120.44057666666669
000000433.png,36.59423,120.44058
000000434.png,36.594186666666666,120.44058833333334
000000435.png,36.59415666666666,120.44059333333334
000000436.png,36.59411333333333,120.44060333333331
000000437.png,36.594085,120.44060833333332
000000438.png,36.59404166666667,120.44061666666668
000000439.png,36.59401166666667,120.44062166666669
000000440.png,36.593968333333336,120.44063
000000441.png,36.59394,120.44063666666666
000000442.png,36.59389333333333,120.440645
000000443.png,36.593865,120.44065
000000444.png,36.59382166666666,120.44065833333332
000000445.png,36.59379166666667,120.44066333333332
000000446.png,36.59374666666667,120.44067166666666
000000447.png,36.593716666666666,120.44067833333334
000000448.png,36.593673333333335,120.440685
000000449.png,36.593645,120.44069
000000450.png,36.5936,120.44069666666668
000000451.png,36.59357166666667,120.44070166666668
000000452.png,36.59352833333333,120.44071
000000453.png,36.5935,120.440715
000000454.png,36.59345833333333,120.44072166666666
000000455.png,36.59343,120.44072666666666
000000456.png,36.59338666666667,120.440735
000000457.png,36.593358333333335,120.44074166666668
000000458.png,36.593315,120.44075
000000459.png,36.593285,120.440755
000000460.png,36.59324166666666,120.44076333333334
000000461.png,36.59321333333333,120.44076833333334
000000462.png,36.59316833333333,120.44077833333333
000000463.png,36.59314166666667,120.44078333333331
000000464.png,36.5931,120.44079166666668
000000465.png,36.59307166666667,120.44079666666669
000000466.png,36.593028333333336,120.44080666666666
000000467.png,36.59299833333333,120.44081333333334
000000468.png,36.592955,120.44082166666666
000000469.png,36.592925,120.440825
000000470.png,36.59288333333333,120.44083333333332
000000471.png,36.592855,120.44084
000000472.png,36.59281166666667,120.44084666666669
000000473.png,36.59278333333334,120.44085166666666
000000474.png,36.59274,120.44086
000000475.png,36.592711666666666,120.44086666666666
000000476.png,36.59267,120.44087166666668
000000477.png,36.592643333333335,120.44087666666668
000000478.png,36.59260166666667,120.440885
000000479.png,36.59257166666666,120.44089166666669
000000480.png,36.59252833333333,120.4409
000000481.png,36.59250166666666,120.440905
000000482.png,36.59245833333333,120.44091333333331
000000483.png,36.59242833333333,120.44091833333331
000000484.png,36.592385,120.44092666666668
000000485.png,36.592353333333335,120.44093166666669
000000486.png,36.592306666666666,120.44094
000000487.png,36.592286666666666,120.44094
000000488.png,36.592241666666666,120.44094833333334
000000489.png,36.59221166666666,120.440955
000000490.png,36.59216666666666,120.44096333333331
000000491.png,36.59213833333333,120.44096833333332
000000492.png,36.592095,120.44097666666669
000000493.png,36.592065,120.44098333333334
000000494.png,36.592025,120.44099
000000495.png,36.591998333333336,120.440995
000000496.png,36.591953333333336,120.441005
000000497.png,36.59192333333333,120.44101
000000498.png,36.591881666666666,120.44101833333332
000000499.png,36.59185166666666,120.44102333333332
000000500.png,36.59180833333333,120.44103166666666
000000501.png,36.59178,120.44103666666666
000000502.png,36.59173666666667,120.441045
000000503.png,36.59171333333333,120.44104833333331
000000504.png,36.591665,120.44105833333332
000000505.png,36.591636666666666,120.44106333333332
000000506.png,36.591591666666666,120.44107333333334
000000507.png,36.59156166666666,120.44107833333334
000000508.png,36.591521666666665,120.44108333333334
000000509.png,36.59149333333333,120.44109
000000510.png,36.59145,120.44109666666668
000000511.png,36.59142,120.44110333333332
000000512.png,36.59137833333333,120.44111166666669
000000513.png,36.59135,120.44111666666667
000000514.png,36.59130833333333,120.44112333333334
000000515.png,36.591278333333335,120.44113
000000516.png,36.59123666666667,120.44113666666668
000000517.png,36.591206666666665,120.44114166666668
000000518.png,36.591165,120.44115
000000519.png,36.59113833333333,120.441155
000000520.png,36.59109333333333,120.441165
000000521.png,36.591065,120.44117
000000522.png,36.59102333333333,120.44117666666666
000000523.png,36.59099333333333,120.44118333333331
000000524.png,36.59095,120.44119166666668
000000525.png,36.590923333333336,120.44119666666668
000000526.png,36.59088,120.44120333333332
000000527.png,36.590851666666666,120.44120833333334
000000528.png,36.59081,120.44121666666666
000000529.png,36.59078,120.44122166666666
000000530.png,36.590736666666665,120.44123
000000531.png,36.59070666666667,120.441235
000000532.png,36.59066333333333,120.441245
000000533.png,36.59064,120.44124833333332
000000534.png,36.59059833333333,120.441255
000000535.png,36.59057,120.44126
000000536.png,36.59052666666667,120.44126833333333
000000537.png,36.590498333333336,120.44127333333331
000000538.png,36.59045666666667,120.44128
000000539.png,36.59043,120.44128666666668
000000540.png,36.59039,120.44129333333332
000000541.png,36.59036,120.4413
000000542.png,36.590318333333336,120.44130666666666
000000543.png,36.59028833333333,120.44131166666666
000000544.png,36.590246666666665,120.44132
000000545.png,36.59021666666666,120.44132666666668
000000546.png,36.59017333333333,120.441335
000000547.png,36.590145,120.44134
000000548.png,36.590105,120.44134666666666
000000549.png,36.59007666666667,120.44135166666666
000000550.png,36.590035,120.44135833333333
000000551.png,36.59000666666667,120.44136333333331
000000552.png,36.589965,120.44137333333332
000000553.png,36.58993666666667,120.44138
000000554.png,36.589893333333336,120.44138666666667
000000555.png,36.589865,120.44139166666666
000000556.png,36.589821666666666,120.4414
000000557.png,36.58979333333333,120.441405
000000558.png,36.589751666666665,120.44141333333332
000000559.png,36.58972333333333,120.44141833333332
000000560.png,36.58968166666666,120.44142666666669
000000561.png,36.589655,120.44143
000000562.png,36.58961166666667,120.44143333333334
000000563.png,36.58958666666667,120.44144166666666
000000564.png,36.58954166666667,120.44145
000000565.png,36.589513333333336,120.44145666666668
000000566.png,36.58947166666667,120.44146333333332
000000567.png,36.589443333333335,120.44147
000000568.png,36.589398333333335,120.44147833333334
000000569.png,36.58937,120.44148333333334
000000570.png,36.589326666666665,120.44149333333333
000000571.png,36.58929666666667,120.4415
000000572.png,36.58925,120.44150833333332
000000573.png,36.58922333333334,120.44151166666668
000000574.png,36.58918,120.44151666666669
000000575.png,36.589151666666666,120.44152166666667
000000576.png,36.589106666666666,120.44153166666666
000000577.png,36.58907833333333,120.44153666666666
000000578.png,36.589036666666665,120.441545
000000579.png,36.58900833333333,120.44155
000000580.png,36.588965,120.44155833333332
000000581.png,36.58893833333333,120.44156333333332
000000582.png,36.588895,120.44157166666666
000000583.png,36.58886666666667,120.44157833333334
000000584.png,36.588825,120.441585
000000585.png,36.58879666666667,120.44159166666668
000000586.png,36.58875333333334,120.4416
000000587.png,36.588725,120.441605
000000588.png,36.588681666666666,120.44161166666666
000000589.png,36.58865333333333,120.44161833333334
000000590.png,36.58861,120.441625
000000591.png,36.58858166666667,120.44163166666668
000000592.png,36.58853666666667,120.44163833333332
000000593.png,36.58851,120.44164333333332
000000594.png,36.58846666666667,120.44165166666669
000000595.png,36.588438333333336,120.44165666666666
000000596.png,36.58839666666667,120.441665
000000597.png,36.588368333333335,120.44167
000000598.png,36.588325,120.44167833333331
000000599.png,36.588295,120.441685
000000600.png,36.588256666666666,120.44169
000000601.png,36.58822833333333,120.44169666666669
000000602.png,36.588186666666665,120.44170333333334
000000603.png,36.58815833333333,120.44171
000000604.png,36.588115,120.44171833333333
000000605.png,36.58808666666667,120.44172333333331
000000606.png,36.58804333333333,120.44173166666668
000000607.png,36.588015,120.44173666666669
000000608.png,36.58797166666667,120.44174333333332
000000609.png,36.587943333333335,120.44175
000000610.png,36.5879,120.44175666666666
000000611.png,36.587875,120.44176166666666
000000612.png,36.587833333333336,120.44176833333331
000000613.png,36.5878,120.441775
000000614.png,36.58775833333333,120.44178166666669
000000615.png,36.58772833333333,120.44178833333334
000000616.png,36.587685,120.441795
000000617.png,36.58765666666667,120.4418
000000618.png,36.58761666666667,120.44180833333331
000000619.png,36.58758666666667,120.441815
000000620.png,36.587543333333336,120.44182333333332
000000621.png,36.587515,120.44182833333332
000000622.png,36.587473333333335,120.44183666666666
000000623.png,36.587445,120.44184166666666
000000624.png,36.587401666666665,120.44185
000000625.png,36.58737166666667,120.44185333333331
000000626.png,36.587325,120.441855
000000627.png,36.5873,120.44186833333332
000000628.png,36.58725666666667,120.44187666666669
000000629.png,36.587228333333336,120.44188166666666
000000630.png,36.587185,120.44189
000000631.png,36.587155,120.44189666666666
000000632.png,36.587111666666665,120.44190333333331
000000633.png,36.58708333333333,120.44190833333332
000000634.png,36.58704,120.44191666666669
000000635.png,36.58701166666667,120.44192
000000636.png,36.586965,120.44192333333334
000000637.png,36.586938333333336,120.441935
000000638.png,36.586895,120.44194166666666
000000639.png,36.586866666666666,120.44194666666668
000000640.png,36.586821666666665,120.44194833333331
000000641.png,36.586795,120.44196
000000642.png,36.58674833333333,120.44196166666669
000000643.png,36.58672,120.44196833333334
000000644.png,36.58667833333333,120.441975
000000645.png,36.58665,120.44198333333334
000000646.png,36.58660666666667,120.44199
000000647.png,36.58658,120.44200333333332
000000648.png,36.58653833333334,120.442015
000000649.png,36.58651,120.44202
000000650.png,36.58646333333333,120.44202
000000651.png,36.586435,120.44202333333334
000000652.png,36.58639166666666,120.44203333333331
000000653.png,36.58636333333333,120.44204
000000654.png,36.58632333333333,120.44205
000000655.png,36.586295,120.44205666666667
000000656.png,36.58625,120.44206166666666
000000657.png,36.586223333333336,120.44206666666666
000000658.png,36.58618166666667,120.442075
000000659.png,36.586151666666666,120.44207833333331
000000660.png,36.58611,120.44208833333332
000000661.png,36.586081666666665,120.44209333333332
000000662.png,36.58604166666667,120.44209833333332
000000663.png,36.586016666666666,120.44210166666667
000000664.png,36.58596833333333,120.44211333333334
000000665.png,36.585935,120.44212
000000666.png,36.58589333333333,120.44212833333332
000000667.png,36.58586666666667,120.44213333333332
000000668.png,36.585825,120.44213833333332
000000669.png,36.585793333333335,120.44214333333332
000000670.png,36.58575166666667,120.44215333333334
000000671.png,36.58572333333333,120.44215666666666
000000672.png,36.58568,120.44216666666668
000000673.png,36.58565,120.44217166666668
000000674.png,36.58560666666666,120.44218
000000675.png,36.58557833333333,120.44218666666669
000000676.png,36.585535,120.442195
000000677.png,36.58550666666667,120.4422
000000678.png,36.58546333333334,120.442205
000000679.png,36.585435,120.44221
000000680.png,36.58539,120.44221833333332
000000681.png,36.585366666666665,120.44222
000000682.png,36.585321666666665,120.44223
000000683.png,36.585295,120.442235
000000684.png,36.585251666666665,120.44224333333334
000000685.png,36.58522333333333,120.44225
000000686.png,36.58518,120.44225666666668
000000687.png,36.58515,120.44226166666668
000000688.png,36.58511,120.44226833333332
000000689.png,36.58508166666667,120.44227333333332
000000690.png,36.58503833333333,120.44228166666667
000000691.png,36.58501,120.44228833333334
000000692.png,36.584966666666666,120.44229666666666
000000693.png,36.58493833333333,120.44230166666668
000000694.png,36.584895,120.44231166666668
000000695.png,36.58486666666667,120.44231666666668
000000696.png,36.584825,120.442325
000000697.png,36.584795,120.44232833333334
000000698.png,36.58475166666667,120.44233666666666
000000699.png,36.58472166666667,120.44234333333333
000000700.png,36.584678333333336,120.44235166666668
000000701.png,36.584651666666666,120.44235666666668
000000702.png,36.584608333333335,120.442365
000000703.png,36.58457833333333,120.44237166666667
000000704.png,36.584535,120.44238
000000705.png,36.584505,120.442385
000000706.png,36.58446166666667,120.44239333333331
000000707.png,36.58443333333334,120.44239833333332
000000708.png,36.58439,120.44240666666668
000000709.png,36.58436,120.44241333333332
000000710.png,36.584316666666666,120.44242
000000711.png,36.58428833333333,120.44242666666666
000000712.png,36.584246666666665,120.44243333333333
000000713.png,36.58421833333333,120.44243833333331
000000714.png,36.58417666666666,120.44244666666668
000000715.png,36.58414666666667,120.44245166666668
000000716.png,36.584105,120.44245833333332
000000717.png,36.58407666666667,120.44246333333334
000000718.png,36.584035,120.44247166666666
000000719.png,36.584005,120.44247666666666
000000720.png,36.58396333333334,120.442485
000000721.png,36.583935,120.44249
000000722.png,36.583891666666666,120.44249833333332
000000723.png,36.58386166666666,120.44250333333332
000000724.png,36.58381833333333,120.44251
000000725.png,36.58379,120.44251833333334
000000726.png,36.58374666666667,120.44252666666668
000000727.png,36.58371833333333,120.44253166666668
000000728.png,36.58367833333333,120.44254
000000729.png,36.58365,120.442545
000000730.png,36.58360666666667,120.44255333333334
000000731.png,36.583578333333335,120.44256
000000732.png,36.583535,120.44256666666666
000000733.png,36.58350833333333,120.44257166666668
000000734.png,36.583465,120.44257833333332
000000735.png,36.58343666666666,120.442585
000000736.png,36.583395,120.44259166666669
000000737.png,36.58336666666667,120.44259666666666
000000738.png,36.58332333333333,120.442605
000000739.png,36.583295,120.44261
000000740.png,36.58325166666667,120.44261833333331
000000741.png,36.583223333333336,120.44262333333332
000000742.png,36.583178333333336,120.44263166666668
000000743.png,36.58315,120.44263666666669
000000744.png,36.583108333333335,120.442645
000000745.png,36.58307666666666,120.442645
000000746.png,36.583035,120.44265833333333
000000747.png,36.58300666666667,120.44266333333331
000000748.png,36.58296333333333,120.44267333333332
000000749.png,36.58293333333334,120.44267833333332
000000750.png,36.58289333333333,120.44268333333332
000000751.png,36.582863333333336,120.44268833333334
000000752.png,36.58282,120.44269666666666
000000753.png,36.58279,120.44270333333333
000000754.png,36.582748333333335,120.44271166666668
000000755.png,36.58272,120.44271666666668
000000756.png,36.58267666666666,120.442725
000000757.png,36.58264833333333,120.44273
000000758.png,36.58260666666666,120.44273833333334
000000759.png,36.58257833333333,120.44274333333334
000000760.png,36.582535,120.44275166666668
000000761.png,36.58250833333334,120.442755
000000762.png,36.58246666666667,120.44276333333332
000000763.png,36.582438333333336,120.44276833333332
000000764.png,36.582395,120.44277666666666
000000765.png,36.582366666666665,120.44278166666666
000000766.png,36.582323333333335,120.44278833333334
000000767.png,36.582295,120.44279333333331
000000768.png,36.58225166666666,120.44280333333332
000000769.png,36.58222166666667,120.44280666666668
000000770.png,36.58218,120.442815
000000771.png,36.58215,120.44282
000000772.png,36.582105,120.44282833333334
000000773.png,36.58208,120.44283333333334
000000774.png,36.582035,120.44284166666668
000000775.png,36.582005,120.44284833333332
000000776.png,36.58196333333333,120.442855
000000777.png,36.581935,120.44286166666669
000000778.png,36.58189166666666,120.44286833333334
000000779.png,36.58186666666667,120.44287333333334
000000780.png,36.581825,120.44288166666666
000000781.png,36.5818,120.44288666666668
000000782.png,36.581761666666665,120.442895
000000783.png,36.58174,120.44289833333332
000000784.png,36.58171166666666,120.44290333333332
000000785.png,36.58169166666666,120.442905
000000786.png,36.58166666666666,120.44291
000000787.png,36.581651666666666,120.44291333333334
000000788.png,36.58163,120.44291666666666
000000789.png,36.58161833333333,120.44292166666666
000000790.png,36.58160333333333,120.44292333333334
000000791.png,36.581595,120.44292666666666
000000792.png,36.58158333333333,120.44292833333331
000000793.png,36.58157833333333,120.44292833333331
000000794.png,36.58157,120.44293
000000795.png,36.581565,120.44293
000000796.png,36.58155666666666,120.44293166666668
000000797.png,36.58155166666667,120.44293166666668
000000798.png,36.58154666666667,120.44293166666668
000000799.png,36.581545,120.44293333333331
000000800.png,36.581545,120.44293166666668
000000801.png,36.581545,120.44293
000000802.png,36.581541666666666,120.44292833333331
000000803.png,36.58154,120.442925
000000804.png,36.581535,120.44292
000000805.png,36.58153,120.442915
000000806.png,36.58152166666667,120.44290333333332
000000807.png,36.581515,120.442895
000000808.png,36.58150333333333,120.44288166666666
000000809.png,36.58149333333333,120.44287166666666
000000810.png,36.58148,120.44285166666668
000000811.png,36.581465,120.44284
000000812.png,36.581445,120.44281666666669
000000813.png,36.581428333333335,120.4428
000000814.png,36.58140333333333,120.44276666666669
000000815.png,36.581385,120.44274666666666
000000816.png,36.581355,120.44271666666668
000000817.png,36.581335,120.442695
000000818.png,36.58130166666667,120.44265833333333
000000819.png,36.58128166666667,120.44263333333332
000000820.png,36.581255,120.44260666666666
000000821.png,36.58123,120.442575
000000822.png,36.581195,120.44253333333332
000000823.png,36.58117333333333,120.44250833333334
000000824.png,36.58114666666667,120.44247666666666
000000825.png,36.58112166666667,120.44245333333332
000000826.png,36.581085,120.442415
000000827.png,36.58106166666666,120.44239166666668
000000828.png,36.581028333333336,120.44235333333332
000000829.png,36.58100833333334,120.44233
000000830.png,36.580975,120.44229666666666
000000831.png,36.580955,120.44227666666669
000000832.png,36.58092166666667,120.44224
000000833.png,36.5809,120.442215
000000834.png,36.580868333333335,120.44217833333332
000000835.png,36.580846666666666,120.44215166666666
000000836.png,36.580815,120.442115
000000837.png,36.580795,120.44209166666668
000000838.png,36.58076166666667,120.44205666666667
000000839.png,36.58074166666667,120.442035
000000840.png,36.58070833333333,120.44199833333332
000000841.png,36.580686666666665,120.44197166666666
000000842.png,36.580655,120.44193666666666
000000843.png,36.58063333333333,120.44191333333332
000000844.png,36.58060166666667,120.44187666666669
000000845.png,36.580578333333335,120.44185166666666
000000846.png,36.580545,120.441815
000000847.png,36.58052333333333,120.44179166666666
000000848.png,36.58049166666667,120.44175666666666
000000849.png,36.580468333333336,120.44173166666668
000000850.png,36.580435,120.44169666666669
000000851.png,36.58041333333333,120.44167333333333
000000852.png,36.58038166666667,120.44163666666668
000000853.png,36.580358333333336,120.44161166666666
000000854.png,36.58032666666666,120.44157666666666
000000855.png,36.580305,120.44155333333332
000000856.png,36.58027333333333,120.441515
000000857.png,36.58025166666667,120.44149166666666
000000858.png,36.580218333333335,120.44145833333332
000000859.png,36.580196666666666,120.44143333333334
000000860.png,36.580165,120.44139833333334
000000861.png,36.58014333333333,120.441375
000000862.png,36.58011333333334,120.44133833333332
000000863.png,36.58009166666667,120.441315
000000864.png,36.58006,120.44128
000000865.png,36.58004,120.441255
000000866.png,36.58000833333333,120.44122166666666
000000867.png,36.57998666666667,120.44119833333332
000000868.png,36.579953333333336,120.44116333333334
000000869.png,36.57993166666667,120.44114
000000870.png,36.5799,120.441105
000000871.png,36.57987833333333,120.44108166666666
000000872.png,36.57984666666667,120.44104666666668
000000873.png,36.57982,120.44101333333332
000000874.png,36.57978833333333,120.440975
000000875.png,36.57976833333333,120.44095333333334
000000876.png,36.579735,120.440915
000000877.png,36.57971333333333,120.44089
000000878.png,36.57967833333333,120.44085333333334
000000879.png,36.57966,120.440835
000000880.png,36.57962333333333,120.440795
000000881.png,36.57959833333334,120.44076
000000882.png,36.579566666666665,120.44073
000000883.png,36.579545,120.44070333333332
000000884.png,36.57951333333333,120.44067666666666
000000885.png,36.57949333333333,120.44065
000000886.png,36.57946166666667,120.44061666666668
000000887.png,36.57944166666667,120.44059166666666
000000888.png,36.57941,120.44055833333331
000000889.png,36.57938833333333,120.440535
000000890.png,36.57935833333333,120.440505
000000891.png,36.57933166666667,120.44047166666668
000000892.png,36.579305,120.44044666666667
000000893.png,36.579285,120.44042333333331
000000894.png,36.57925166666666,120.440385
000000895.png,36.57923,120.44036166666666
000000896.png,36.579195,120.44031833333334
000000897.png,36.579175,120.4403
000000898.png,36.579141666666665,120.44026166666669
000000899.png,36.57911666666666,120.44023833333334
000000900.png,36.57908666666667,120.44020166666668
000000901.png,36.579065,120.44017833333334
000000902.png,36.579035,120.44013833333334
000000903.png,36.579013333333336,120.44011333333331
000000904.png,36.57898,120.44007833333332
000000905.png,36.57895833333333,120.44005333333334
000000906.png,36.578925,120.44001833333331
000000907.png,36.578905,120.43999333333332
000000908.png,36.57887166666666,120.43995833333334
000000909.png,36.57884833333333,120.439935
000000910.png,36.578815,120.4399
000000911.png,36.57879666666667,120.43987666666666
000000912.png,36.578763333333335,120.43983833333331
000000913.png,36.57874,120.43981333333332
000000914.png,36.57871,120.43978
000000915.png,36.57869333333333,120.43976833333332
000000916.png,36.57866166666667,120.43973166666666
000000917.png,36.57863666666667,120.43970166666666
000000918.png,36.57860333333333,120.43966333333331
000000919.png,36.57858,120.43963666666669
000000920.png,36.57854666666667,120.43960333333334
000000921.png,36.578525,120.43958166666668
000000922.png,36.578491666666665,120.439545
000000923.png,36.578471666666665,120.439525
000000924.png,36.57843833333333,120.43948166666668
000000925.png,36.578415,120.439455
000000926.png,36.57838666666667,120.43941666666667
000000927.png,36.578361666666666,120.43939333333331
000000928.png,36.57833333333333,120.43936
000000929.png,36.57830833333333,120.43933166666666
000000930.png,36.578275,120.43929666666666
000000931.png,36.578253333333336,120.43927333333332
000000932.png,36.57822,120.43923666666667
000000933.png,36.57819833333333,120.43921
000000934.png,36.578165,120.43917666666668
000000935.png,36.578145,120.43915333333334
000000936.png,36.578111666666665,120.43911666666666
000000937.png,36.57809,120.439095
000000938.png,36.57805666666667,120.43905833333334
000000939.png,36.578035,120.43903166666666
000000940.png,36.578001666666665,120.43899666666668
000000941.png,36.57798,120.438975
000000942.png,36.57794833333333,120.43893833333334
000000943.png,36.57792666666667,120.438915
000000944.png,36.577893333333336,120.43887666666669
000000945.png,36.57787166666667,120.43885333333333
000000946.png,36.57783833333333,120.43881666666668
000000947.png,36.577815,120.43879
000000948.png,36.57778666666667,120.43875666666666
000000949.png,36.57776,120.43872166666668
000000950.png,36.57772666666666,120.43868666666668
000000951.png,36.57770666666666,120.43866333333334
000000952.png,36.577675,120.43862833333333
000000953.png,36.57765333333333,120.438605
000000954.png,36.577623333333335,120.43857166666666
000000955.png,36.577601666666666,120.43854833333332
000000956.png,36.57756833333333,120.43851666666669
000000957.png,36.57754333333333,120.43848333333334
000000958.png,36.577513333333336,120.43845166666668
000000959.png,36.57749166666667,120.43842833333332
000000960.png,36.57746,120.43839333333334
000000961.png,36.57743833333333,120.43837
000000962.png,36.57741,120.43834166666667
000000963.png,36.57738833333333,120.43831666666668
000000964.png,36.577353333333335,120.43827833333332
000000965.png,36.57732833333333,120.43824833333332
000000966.png,36.57730166666666,120.43821833333334
000000967.png,36.57727666666667,120.43819
000000968.png,36.57724833333333,120.43816333333334
000000969.png,36.577225,120.43814833333332
000000970.png,36.577196666666666,120.43810833333332
000000971.png,36.577175,120.43807666666666
000000972.png,36.57714166666667,120.43804166666666
000000973.png,36.57712,120.43802
000000974.png,36.577086666666666,120.43797833333332
000000975.png,36.577065,120.437955
000000976.png,36.57703166666667,120.43792166666668
000000977.png,36.57701,120.437895
000000978.png,36.57697833333334,120.43786166666666
000000979.png,36.57695666666667,120.437835
000000980.png,36.57692166666666,120.437795
000000981.png,36.57690166666666,120.43777333333334
000000982.png,36.57686833333333,120.43773666666668
000000983.png,36.57684666666667,120.43771
000000984.png,36.576815,120.43767333333334
000000985.png,36.576795,120.43765
000000986.png,36.57676,120.43761333333332
000000987.png,36.57673833333333,120.43758833333334
000000988.png,36.57670666666667,120.43755333333333
000000989.png,36.576685,120.43752833333332
000000990.png,36.57665166666666,120.43749
000000991.png,36.57663,120.437465
000000992.png,36.57659833333334,120.43743
000000993.png,36.57657666666667,120.43740833333334
000000994.png,36.57654333333333,120.43737
000000995.png,36.576525,120.43734833333332
000000996.png,36.57649,120.43731333333334
000000997.png,36.57646833333333,120.43729
000000998.png,36.576436666666666,120.437255
000000999.png,36.576413333333335,120.43723166666666
000001000.png,36.57638,120.43719333333334
000001001.png,36.57636333333333,120.43716833333332
000001002.png,36.57632666666667,120.43713166666667
000001003.png,36.57631,120.43710666666666
000001004.png,36.576276666666665,120.43707166666668
000001005.png,36.576255,120.43704833333334
000001006.png,36.57622166666667,120.43701166666666
000001007.png,36.5762,120.43698833333332
000001008.png,36.576165,120.436955
000001009.png,36.57614333333333,120.43693
000001010.png,36.57611166666667,120.436895
000001011.png,36.57609,120.43687166666666
000001012.png,36.576056666666666,120.436835
000001013.png,36.57603666666667,120.43681166666669
000001014.png,36.576005,120.43677666666666
000001015.png,36.57598166666666,120.43675333333331
000001016.png,36.57595166666667,120.43671666666668
000001017.png,36.57593,120.43669333333334
000001018.png,36.575896666666665,120.43665666666666
000001019.png,36.575875,120.43663333333332
000001020.png,36.57584333333333,120.43659666666667
000001021.png,36.57582166666667,120.43657166666668
000001022.png,36.57579,120.43653333333332
000001023.png,36.57576666666667,120.43650833333334
000001024.png,36.57573333333333,120.43647166666666
000001025.png,36.57571,120.43644666666668
000001026.png,36.575676666666666,120.43640833333332
000001027.png,36.575655,120.436385
000001028.png,36.57562333333333,120.43634666666668
000001029.png,36.57560166666666,120.43632333333332
000001030.png,36.57557,120.43628833333334
000001031.png,36.57554833333333,120.436265
000001032.png,36.57552,120.43623333333332
000001033.png,36.5755,120.43621333333331
000001034.png,36.575475,120.436185
000001035.png,36.57546,120.43616666666668
000001036.png,36.57543833333333,120.43614166666669
000001037.png,36.575425,120.43612833333331
000001038.png,36.575405,120.43610666666666
000001039.png,36.57539333333333,120.436095
000001040.png,36.57538,120.43608
000001041.png,36.57537166666667,120.43607166666666
000001042.png,36.575361666666666,120.43606166666666
000001043.png,36.57535666666666,120.43605333333332
000001044.png,36.57534833333333,120.436045
000001045.png,36.575345,120.43604
000001046.png,36.575338333333335,120.43603166666666
000001047.png,36.575335,120.43602666666666
000001048.png,36.57533,120.43602
000001049.png,36.57532666666667,120.43601833333334
000001050.png,36.575325,120.436015
000001051.png,36.57532333333333,120.43601333333334
000001052.png,36.57532,120.436015
000001053.png,36.57532333333333,120.43601333333334
000001054.png,36.57532333333333,120.43601833333334
000001055.png,36.57532333333333,120.43602333333334
000001056.png,36.57532833333333,120.43603333333331
000001057.png,36.57533,120.43604333333332
000001058.png,36.57533333333333,120.43606166666666
000001059.png,36.575336666666665,120.436075
000001060.png,36.57534166666667,120.4361
000001061.png,36.57534666666667,120.43611833333334
000001062.png,36.57535166666667,120.43615
000001063.png,36.575355,120.43617166666668
000001064.png,36.575363333333335,120.43620833333334
000001065.png,36.57536833333333,120.436235
000001066.png,36.575375,120.43627833333332
000001067.png,36.575381666666665,120.43630833333332
000001068.png,36.57539166666667,120.43635666666668
000001069.png,36.5754,120.43639
000001070.png,36.57541,120.43644166666668
000001071.png,36.57542,120.43647333333334
000001072.png,36.575428333333335,120.43652833333331
000001073.png,36.575435,120.43656333333334
000001074.png,36.57544166666667,120.43661666666668
000001075.png,36.57545,120.43665166666666
000001076.png,36.57546166666667,120.43670333333333
000001077.png,36.575471666666665,120.43673833333334
000001078.png,36.57548166666667,120.43679
000001079.png,36.57548833333333,120.436825
000001080.png,36.5755,120.43687833333334
000001081.png,36.57550666666667,120.43691333333334
000001082.png,36.575516666666665,120.43696666666666
000001083.png,36.57552333333334,120.43700333333334
000001084.png,36.57553333333333,120.437055
000001085.png,36.57554,120.43709
000001086.png,36.57555166666667,120.437145
000001087.png,36.57555833333333,120.43718
000001088.png,36.57556833333334,120.43723333333334
000001089.png,36.575575,120.43726833333334
000001090.png,36.575586666666666,120.43732
000001091.png,36.57559333333333,120.437355
000001092.png,36.575605,120.43740833333334
000001093.png,36.57561333333334,120.43744333333332
000001094.png,36.57562333333333,120.43749666666666
000001095.png,36.57563,120.43753
000001096.png,36.57564166666667,120.43758166666667
000001097.png,36.57564666666666,120.43761666666668
000001098.png,36.57565833333334,120.43767
000001099.png,36.575665,120.437705
000001100.png,36.575676666666666,120.43775833333332
000001101.png,36.57568333333333,120.43779166666668
000001102.png,36.57569166666666,120.43784166666669
000001103.png,36.5757,120.43787833333332
000001104.png,36.57571166666666,120.43793166666669
000001105.png,36.57571833333333,120.43796666666668
000001106.png,36.57572833333333,120.43801833333332
000001107.png,36.57573333333333,120.43805333333331
000001108.png,36.57574666666667,120.438105
000001109.png,36.57574833333334,120.43814
000001110.png,36.575763333333335,120.43819333333332
000001111.png,36.57577,120.43822833333331
000001112.png,36.57577833333333,120.43828
000001113.png,36.575786666666666,120.438315
000001114.png,36.57579833333333,120.438365
000001115.png,36.57580333333333,120.4384
000001116.png,36.575815,120.43845166666668
000001117.png,36.57582166666667,120.438485
000001118.png,36.57582833333333,120.43854166666668
000001119.png,36.57583833333333,120.43857333333334
000001120.png,36.57585,120.43862333333334
000001121.png,36.575855,120.43865833333334
000001122.png,36.57586666666667,120.43871166666666
000001123.png,36.57587333333333,120.438745
000001124.png,36.57588333333333,120.43879666666666
000001125.png,36.57589333333333,120.43883166666669
000001126.png,36.5759,120.438885
000001127.png,36.57590833333333,120.43892
000001128.png,36.57592,120.43897166666666
000001129.png,36.575925,120.439005
000001130.png,36.57593666666666,120.43905833333334
000001131.png,36.575945,120.43909166666668
000001132.png,36.575955,120.43914333333332
000001133.png,36.57596166666666,120.43917666666668
000001134.png,36.57597333333333,120.43922833333332
000001135.png,36.57598,120.439265
000001136.png,36.57599,120.439315
000001137.png,36.57599666666667,120.43935
000001138.png,36.57600833333333,120.43940166666668
000001139.png,36.57600833333333,120.43943833333331
000001140.png,36.57602333333333,120.43948833333332
000001141.png,36.57603,120.43952333333333
000001142.png,36.57604166666667,120.43957333333331
000001143.png,36.57605,120.43960666666666
000001144.png,36.57606,120.43966
000001145.png,36.57606666666667,120.439695
000001146.png,36.576076666666665,120.43974666666666
000001147.png,36.57608333333334,120.43978166666666
000001148.png,36.57609333333333,120.43983333333334
000001149.png,36.576103333333336,120.439865
000001150.png,36.57611666666666,120.439915
000001151.png,36.57611833333333,120.43995166666669
000001152.png,36.57612833333334,120.44000333333334
000001153.png,36.57613666666666,120.44003666666669
000001154.png,36.576146666666666,120.44009
000001155.png,36.576155,120.440125
000001156.png,36.576165,120.44017666666667
000001157.png,36.57617333333334,120.44021
000001158.png,36.57618333333333,120.44026166666669
000001159.png,36.576191666666666,120.44029666666668
000001160.png,36.57620166666667,120.44034666666668
000001161.png,36.576213333333335,120.44037833333331
000001162.png,36.57622,120.44043166666668
000001163.png,36.576225,120.44046833333331
000001164.png,36.576235,120.44052
000001165.png,36.57624166666667,120.44055333333333
000001166.png,36.57625166666666,120.44060333333331
000001167.png,36.576258333333335,120.44063833333334
000001168.png,36.57626833333333,120.44069
000001169.png,36.576275,120.440725
000001170.png,36.576285,120.440775
000001171.png,36.57629166666667,120.44081
000001172.png,36.576305,120.44086
000001173.png,36.57631166666667,120.44089333333334
000001174.png,36.576321666666665,120.44094666666666
000001175.png,36.576325,120.44098
000001176.png,36.57633833333333,120.44103
000001177.png,36.576346666666666,120.44106333333332
000001178.png,36.57635666666667,120.441115
000001179.png,36.57636166666666,120.44115
000001180.png,36.576375,120.4412
000001181.png,36.57638166666667,120.441235
000001182.png,36.576391666666666,120.44128833333332
000001183.png,36.57639666666667,120.44132166666668
000001184.png,36.57640833333333,120.44137333333332
000001185.png,36.576415,120.44140833333331
000001186.png,36.57642333333333,120.44146
000001187.png,36.57643166666666,120.44149333333333
000001188.png,36.57644333333333,120.441545
000001189.png,36.57645166666666,120.44158
000001190.png,36.576458333333335,120.44163
000001191.png,36.57646666666667,120.441665
000001192.png,36.57646,120.44171833333333
000001193.png,36.576476666666665,120.44175
000001194.png,36.576483333333336,120.44180166666666
000001195.png,36.57648833333333,120.44183666666666
000001196.png,36.576505,120.44188333333334
000001197.png,36.57651166666667,120.44191833333332
000001198.png,36.57652,120.44197
000001199.png,36.57653166666667,120.44200333333332
000001200.png,36.57654166666666,120.44205333333332
000001201.png,36.576545,120.44208666666668
000001202.png,36.57656,120.442135
000001203.png,36.57656166666666,120.44217166666668
000001204.png,36.57657833333333,120.44222166666668
000001205.png,36.57658,120.44225833333331
000001206.png,36.576591666666666,120.44230833333332
000001207.png,36.57659666666667,120.44234333333333
000001208.png,36.576605,120.44239333333331
000001209.png,36.576615,120.44242833333334
000001210.png,36.576625,120.44248166666668
000001211.png,36.57663333333333,120.44251666666666
000001212.png,36.57664833333333,120.44256833333333
000001213.png,36.57665833333333,120.44260333333334
000001214.png,36.57667,120.44265666666666
000001215.png,36.57667333333333,120.44269166666666
000001216.png,36.576685,120.44274333333334
000001217.png,36.57669333333333,120.44277833333334
000001218.png,36.576705,120.44283166666666
000001219.png,36.57671,120.44286666666666
000001220.png,36.57672333333333,120.44291833333334
000001221.png,36.57673,120.44295333333334
000001222.png,36.57674,120.443005
000001223.png,36.576748333333335,120.44303833333332
000001224.png,36.57676166666667,120.44309
000001225.png,36.57677,120.44312333333332
000001226.png,36.57678,120.443175
000001227.png,36.57678833333333,120.44320833333332
000001228.png,36.57679666666667,120.44326166666669
000001229.png,36.57680333333333,120.443295
000001230.png,36.57681333333333,120.44334666666668
000001231.png,36.57682166666667,120.44338166666668
000001232.png,36.57682833333333,120.443435
000001233.png,36.576838333333335,120.44347
000001234.png,36.57685,120.44352166666668
000001235.png,36.57685833333333,120.443555
000001236.png,36.57686833333333,120.44360666666668
000001237.png,36.57687666666666,120.44364333333333
000001238.png,36.57689,120.443695
000001239.png,36.576895,120.44373
000001240.png,36.576906666666666,120.44378166666668
000001241.png,36.57691,120.44381166666666
000001242.png,36.57692333333333,120.44386833333331
000001243.png,36.57693,120.44390333333334
000001244.png,36.57694166666667,120.443955
000001245.png,36.57694833333333,120.44399
000001246.png,36.57696,120.44404
000001247.png,36.576965,120.444075
000001248.png,36.576975,120.44412666666666
000001249.png,36.57698333333333,120.44416333333334
000001250.png,36.576996666666666,120.44421333333334
000001251.png,36.57700166666667,120.44425
000001252.png,36.577016666666665,120.44430166666666
000001253.png,36.57702166666667,120.44433833333332
000001254.png,36.57703166666667,120.44439
000001255.png,36.57704,120.444425
000001256.png,36.57704666666667,120.44447833333334
000001257.png,36.57705666666666,120.44451166666668
000001258.png,36.577063333333335,120.444565
000001259.png,36.57707,120.4446
000001260.png,36.577085,120.44465
000001261.png,36.577088333333336,120.44468666666668
000001262.png,36.57710166666666,120.44473666666669
000001263.png,36.577108333333335,120.44477
000001264.png,36.57711833333333,120.44482166666668
000001265.png,36.57712333333333,120.44485666666668
000001266.png,36.57713,120.44490833333332
000001267.png,36.57714,120.44494333333331
000001268.png,36.57715,120.444995
000001269.png,36.57715833333334,120.44502833333334
000001270.png,36.57716666666666,120.44508
000001271.png,36.57717666666667,120.44511333333334
000001272.png,36.57718666666667,120.44516666666668
000001273.png,36.57719333333333,120.44520333333334
000001274.png,36.57720333333333,120.445255
000001275.png,36.57721166666666,120.44529
000001276.png,36.577223333333336,120.44534166666666
000001277.png,36.57723,120.44537666666666
000001278.png,36.577241666666666,120.44543
000001279.png,36.577245,120.445465
000001280.png,36.577255,120.44551833333334
000001281.png,36.577263333333335,120.44555333333334
000001282.png,36.57727333333333,120.445605
000001283.png,36.57728166666666,120.44563833333332
000001284.png,36.577295,120.44569
000001285.png,36.5773,120.44572333333332
000001286.png,36.57731,120.445775
000001287.png,36.57731833333333,120.44581
000001288.png,36.57732833333333,120.44586
000001289.png,36.57733666666667,120.445895
000001290.png,36.57734666666666,120.44594666666669
000001291.png,36.577351666666665,120.44598166666668
000001292.png,36.57736166666667,120.44603166666668
000001293.png,36.57737,120.44606666666668
000001294.png,36.57738333333333,120.44611666666668
000001295.png,36.57739,120.44615166666668
000001296.png,36.5774,120.44620333333332
000001297.png,36.57740833333333,120.44624
000001298.png,36.577415,120.44629333333332
000001299.png,36.577421666666666,120.44632666666666
000001300.png,36.57743333333333,120.44638
000001301.png,36.57743833333333,120.446415
000001302.png,36.57745166666667,120.44646666666668
000001303.png,36.57746,120.4465
000001304.png,36.57747,120.44655166666666
000001305.png,36.57747666666667,120.44658666666666
000001306.png,36.57748333333333,120.44664
000001307.png,36.57749,120.44667333333334
000001308.png,36.57750166666667,120.446725
000001309.png,36.57750833333333,120.44676166666666
000001310.png,36.57752,120.44681333333334
000001311.png,36.57752666666666,120.44684833333334
000001312.png,36.57753666666667,120.44689833333334
000001313.png,36.57754333333333,120.44693333333332
000001314.png,36.57755333333333,120.446985
000001315.png,36.57756166666667,120.44701833333332
000001316.png,36.577575,120.44706833333332
000001317.png,36.577578333333335,120.44710333333332
000001318.png,36.57758666666667,120.447155
000001319.png,36.577595,120.44719
000001320.png,36.577603333333336,120.44724166666668
000001321.png,36.57761333333333,120.44727666666668
000001322.png,36.577621666666666,120.44732833333332
000001323.png,36.57763,120.44736333333331
000001324.png,36.57763666666666,120.44741666666668
000001325.png,36.577645,120.44745
000001326.png,36.57765666666667,120.44750166666668
000001327.png,36.57766166666666,120.44753666666666
000001328.png,36.57767166666667,120.44758833333331
000001329.png,36.57768833333333,120.44761833333334
000001330.png,36.57769166666667,120.447675
000001331.png,36.57769833333333,120.44771
000001332.png,36.57771,120.44776
000001333.png,36.577715,120.447795
000001334.png,36.57772666666666,120.44784666666666
000001335.png,36.577733333333335,120.44788
000001336.png,36.57774166666667,120.447935
000001337.png,36.57775166666666,120.447965
000001338.png,36.57776166666667,120.448015
000001339.png,36.57776833333333,120.44804833333332
000001340.png,36.577778333333335,120.44809833333332
000001341.png,36.57778666666667,120.44813
000001342.png,36.577795,120.44818
000001343.png,36.577801666666666,120.44821333333331
000001344.png,36.57781166666667,120.448265
000001345.png,36.57781833333333,120.44829833333333
000001346.png,36.577828333333336,120.44834833333331
000001347.png,36.577835,120.44838333333334
000001348.png,36.577845,120.44843333333333
000001349.png,36.57785166666667,120.44846666666666
000001350.png,36.57786,120.44852
000001351.png,36.577866666666665,120.44855333333334
000001352.png,36.57787833333333,120.448605
000001353.png,36.577885,120.44863833333334
000001354.png,36.577895,120.44869166666666
000001355.png,36.57790166666667,120.448725
000001356.png,36.577913333333335,120.44877666666666
000001357.png,36.57792,120.44881
000001358.png,36.57793,120.44886166666667
000001359.png,36.577938333333336,120.44889666666668
000001360.png,36.577945,120.44894833333332
000001361.png,36.577955,120.44898333333332
000001362.png,36.577965,120.449035
000001363.png,36.57797166666667,120.44907
000001364.png,36.577981666666666,120.44912333333332
000001365.png,36.577985,120.44915833333332
000001366.png,36.57799833333333,120.44921
000001367.png,36.57800666666667,120.449245
000001368.png,36.57801666666667,120.44929666666668
000001369.png,36.57803,120.44932833333333
000001370.png,36.57804,120.44937833333331
000001371.png,36.57804166666666,120.44941666666666
000001372.png,36.57805166666667,120.44946833333331
000001373.png,36.57805666666667,120.44950333333334
000001374.png,36.57807666666667,120.44955
000001375.png,36.57808,120.44958833333334
000001376.png,36.578091666666666,120.44963833333334
000001377.png,36.578095,120.44967333333334
000001378.png,36.57810666666666,120.44972666666666
000001379.png,36.578111666666665,120.44976166666666
000001380.png,36.57812166666667,120.449815
000001381.png,36.57813,120.44985
000001382.png,36.57814,120.44990166666666
000001383.png,36.57814833333333,120.44993666666667
000001384.png,36.57815833333333,120.44998833333334
000001385.png,36.57816833333333,120.45002333333332
000001386.png,36.578175,120.45007666666666
000001387.png,36.578181666666666,120.45011166666669
000001388.png,36.57819333333333,120.450165
000001389.png,36.5782,120.4502
000001390.png,36.57821,120.45025333333334
000001391.png,36.57821833333333,120.45028833333332
000001392.png,36.57823166666667,120.45034
000001393.png,36.57823833333333,120.450375
000001394.png,36.578248333333335,120.45042833333332
000001395.png,36.578255,120.45046166666668
000001396.png,36.57826666666666,120.45051166666669
000001397.png,36.578273333333335,120.45054666666668
000001398.png,36.57828166666667,120.4506
000001399.png,36.57829,120.45063333333331
000001400.png,36.578298333333336,120.450685
000001401.png,36.57830666666667,120.45072
000001402.png,36.578316666666666,120.45077
000001403.png,36.57832333333333,120.450805
000001404.png,36.578335,120.450855
000001405.png,36.57834,120.45089
000001406.png,36.57835,120.45094166666668
000001407.png,36.57835666666666,120.45097666666666
000001408.png,36.57836833333333,120.45102833333333
000001409.png,36.578375,120.45106166666666
000001410.png,36.578388333333336,120.45111333333334
000001411.png,36.57839666666667,120.45114833333334
000001412.png,36.578406666666666,120.4512
000001413.png,36.578408333333336,120.45123666666667
000001414.png,36.57842,120.45129
000001415.png,36.578428333333335,120.45132333333332
000001416.png,36.57844,120.451375
000001417.png,36.578445,120.45141166666669
000001418.png,36.57845666666667,120.45146333333334
000001419.png,36.57846333333333,120.45149666666669
000001420.png,36.578473333333335,120.45154833333332
000001421.png,36.57848,120.45158333333332
000001422.png,36.57849,120.451635
000001423.png,36.578496666666666,120.45167
000001424.png,36.57850833333333,120.45172166666669
000001425.png,36.578516666666665,120.45175666666668
000001426.png,36.578525,120.45180833333332
000001427.png,36.57853333333333,120.45184333333331
000001428.png,36.578543333333336,120.451895
000001429.png,36.57855833333333,120.45192666666668
000001430.png,36.578561666666666,120.451985
000001431.png,36.57857,120.45201833333331
000001432.png,36.57858,120.45207
000001433.png,36.578585,120.45210666666668
000001434.png,36.57859833333333,120.45215833333332
000001435.png,36.578605,120.452195
000001436.png,36.57861333333334,120.45224666666668
000001437.png,36.57862166666666,120.45228
000001438.png,36.578631666666666,120.45233166666668
000001439.png,36.57864,120.45236833333334
000001440.png,36.578651666666666,120.45241833333333
000001441.png,36.578651666666666,120.45245333333334
000001442.png,36.57867333333333,120.45251166666668
000001443.png,36.57868,120.452545
000001444.png,36.57869,120.45259666666666
000001445.png,36.578671666666665,120.45262
000001446.png,36.57868333333333,120.45267166666666
000001447.png,36.57868666666667,120.45271
000001448.png,36.5787,120.452755
000001449.png,36.57870833333333,120.452785
000001450.png,36.57871333333333,120.45285333333334
000001451.png,36.57871166666666,120.45289333333334
000001452.png,36.57876,120.45294833333334
000001453.png,36.578763333333335,120.45297166666668
000001454.png,36.578788333333335,120.453015
000001455.png,36.57879166666667,120.45305
000001456.png,36.57879666666667,120.45310833333332
000001457.png,36.578788333333335,120.45313833333331
000001458.png,36.578815,120.4532
000001459.png,36.57881166666667,120.45323333333332
000001460.png,36.57883,120.45328166666668
000001461.png,36.57884,120.45331833333331
000001462.png,36.57884166666667,120.45337
000001463.png,36.578853333333335,120.453405
000001464.png,36.57886333333333,120.45345666666668
000001465.png,36.57886833333333,120.45349166666666
000001466.png,36.578875,120.45354
000001467.png,36.57888333333333,120.45357333333334
000001468.png,36.578895,120.453625
000001469.png,36.578898333333335,120.45366
000001470.png,36.578903333333336,120.45371333333334
000001471.png,36.578915,120.45374833333334
000001472.png,36.57892666666667,120.453795
000001473.png,36.57893333333333,120.45383166666667
000001474.png,36.57894,120.45388166666666
000001475.png,36.57894833333334,120.453915
000001476.png,36.57896,120.453965
000001477.png,36.57896333333333,120.454
000001478.png,36.57897166666667,120.45405166666669
000001479.png,36.57898166666666,120.45408333333332
000001480.png,36.57899166666667,120.45413666666668
000001481.png,36.579,120.45417166666668
000001482.png,36.579013333333336,120.45422333333332
000001483.png,36.57902,120.45425666666668
000001484.png,36.579031666666666,120.454305
000001485.png,36.57903833333334,120.45433833333334
000001486.png,36.57905,120.45439166666668
000001487.png,36.579055,120.454425
000001488.png,36.57906833333333,120.454475
000001489.png,36.579078333333335,120.45450833333334
000001490.png,36.57908666666667,120.45456166666666
000001491.png,36.579095,120.45459666666666
000001492.png,36.5791,120.45464833333334
000001493.png,36.57911333333333,120.45468166666669
000001494.png,36.579121666666666,120.45473166666666
000001495.png,36.57913,120.45476666666669
000001496.png,36.579141666666665,120.45481666666667
000001497.png,36.57914666666667,120.45485166666668
000001498.png,36.57915666666667,120.454905
000001499.png,36.57916333333333,120.45494
000001500.png,36.579175,120.45499
000001501.png,36.57918166666666,120.45502666666668
000001502.png,36.579193333333336,120.45507666666668
000001503.png,36.57919833333333,120.45511166666668
000001504.png,36.57920833333333,120.45516333333332
000001505.png,36.57921666666667,120.45519666666668
000001506.png,36.57922166666667,120.45524833333332
000001507.png,36.579231666666665,120.45528333333333
000001508.png,36.57924333333333,120.455335
000001509.png,36.57925166666666,120.45536833333334
000001510.png,36.57926166666667,120.45542
000001511.png,36.57927166666666,120.45545333333334
000001512.png,36.57928,120.455505
000001513.png,36.579283333333336,120.45554
000001514.png,36.579295,120.45559166666666
000001515.png,36.579301666666666,120.455625
000001516.png,36.57931,120.45567666666666
000001517.png,36.57931833333333,120.45571
000001518.png,36.579328333333336,120.45576166666666
000001519.png,36.579335,120.455795
000001520.png,36.579348333333336,120.45584666666667
000001521.png,36.57935166666667,120.45588333333332
000001522.png,36.57935833333333,120.45594166666666
000001523.png,36.579368333333335,120.45597333333332
000001524.png,36.57937666666667,120.45602666666667
000001525.png,36.57938333333333,120.45606333333332
000001526.png,36.579393333333336,120.456115
000001527.png,36.57940166666667,120.45614833333332
000001528.png,36.579411666666665,120.45620166666669
000001529.png,36.57942,120.45623333333332
000001530.png,36.57943333333333,120.45628333333332
000001531.png,36.57944,120.456315
000001532.png,36.57945333333333,120.456365
000001533.png,36.57946,120.45639833333334
000001534.png,36.57947166666667,120.45644833333331
000001535.png,36.579476666666665,120.45648333333334
000001536.png,36.57948833333333,120.45653333333334
000001537.png,36.57949333333333,120.45656666666666
000001538.png,36.579501666666665,120.45662
000001539.png,36.57950833333334,120.45665333333334
000001540.png,36.57951833333333,120.456705
000001541.png,36.579525,120.45674
000001542.png,36.57953666666667,120.45679166666666
000001543.png,36.57954166666666,120.456825
000001544.png,36.57955166666667,120.45687666666667
000001545.png,36.57955833333333,120.45691333333332
000001546.png,36.57956833333333,120.45696666666667
000001547.png,36.57956,120.456995
000001548.png,36.57958833333333,120.45704833333332
000001549.png,36.57959666666667,120.457085
000001550.png,36.579605,120.45713666666668
000001551.png,36.579611666666665,120.45717166666668
000001552.png,36.57962333333333,120.457225
000001553.png,36.57963,120.45725833333331
000001554.png,36.57964,120.45731166666668
000001555.png,36.57964666666667,120.457345
000001556.png,36.57965833333333,120.45739666666668
000001557.png,36.579663333333336,120.45743166666666
000001558.png,36.579675,120.45748
000001559.png,36.57967666666666,120.45750666666666
000001560.png,36.57968666666667,120.45755166666666
000001561.png,36.579695,120.45758
000001562.png,36.5797,120.45761666666668
000001563.png,36.57970666666667,120.45764
000001564.png,36.57971333333333,120.45767166666668
000001565.png,36.57971833333333,120.45769166666666
000001566.png,36.57972333333333,120.45771833333332
000001567.png,36.579726666666666,120.45773333333334
000001568.png,36.579726666666666,120.45775333333332
000001569.png,36.57973166666667,120.457765
000001570.png,36.579735,120.45777833333334
000001571.png,36.579735,120.457785
000001572.png,36.57973666666667,120.45779833333332
000001573.png,36.57974166666666,120.45780333333332
000001574.png,36.579745,120.45781333333332
000001575.png,36.579745,120.45782
000001576.png,36.579746666666665,120.457825
000001577.png,36.579748333333335,120.45782666666666
000001578.png,36.579748333333335,120.45782833333334
000001579.png,36.57975,120.45782666666666
000001580.png,36.57975166666667,120.45782666666666
000001581.png,36.579753333333336,120.45782333333334
000001582.png,36.57975833333333,120.45782
000001583.png,36.579765,120.457815
000001584.png,36.57977666666667,120.45781
000001585.png,36.579785,120.45780666666668
000001586.png,36.57980333333333,120.4578
000001587.png,36.579816666666666,120.45779666666668
000001588.png,36.579838333333335,120.45779
000001589.png,36.57985333333333,120.45778333333334
000001590.png,36.57987833333333,120.45778333333334
000001591.png,36.579905,120.45777833333334
000001592.png,36.57994,120.45777166666667
000001593.png,36.579965,120.45776666666669
000001594.png,36.580005,120.45776
000001595.png,36.58003333333333,120.45775333333332
000001596.png,36.58007333333333,120.45774333333334
000001597.png,36.58009833333333,120.457735
000001598.png,36.58014666666666,120.457725
000001599.png,36.580175,120.45771666666668
000001600.png,36.580216666666665,120.45770333333331
000001601.png,36.580245,120.4577
000001602.png,36.580288333333336,120.45769
000001603.png,36.58032,120.45768166666667
000001604.png,36.58036166666667,120.45767
000001605.png,36.58039,120.45766333333331
000001606.png,36.58043333333333,120.45765166666666
000001607.png,36.58046,120.45764333333334
000001608.png,36.580505,120.45763333333332
000001609.png,36.58053,120.45762833333332
000001610.png,36.58057333333333,120.45761833333331
000001611.png,36.5806,120.45761166666666
000001612.png,36.58064,120.45760166666666
000001613.png,36.58067,120.45759333333334
000001614.png,36.580713333333335,120.45758166666668
000001615.png,36.58074166666667,120.45757333333331
000001616.png,36.58078166666667,120.45756333333334
000001617.png,36.58081,120.457555
000001618.png,36.58085,120.457545
000001619.png,36.58088,120.45753833333332
000001620.png,36.58092166666667,120.45752666666668
000001621.png,36.58095,120.45752166666666
000001622.png,36.58098833333333,120.45751333333334
000001623.png,36.58101833333333,120.45750666666666
000001624.png,36.58106,120.457495
000001625.png,36.58108666666666,120.45749
000001626.png,36.58113333333333,120.45747833333331
000001627.png,36.581158333333335,120.45747166666666
000001628.png,36.581201666666665,120.45745833333334
000001629.png,36.581228333333335,120.45745166666669
000001630.png,36.581271666666666,120.45744166666668
000001631.png,36.581298333333336,120.45743333333331
000001632.png,36.58134,120.45742333333334
000001633.png,36.58136666666667,120.45741666666666
000001634.png,36.581408333333336,120.45740666666669
000001635.png,36.58143666666667,120.45739833333332
000001636.png,36.58147666666667,120.45738833333333
000001637.png,36.581505,120.45738166666666
000001638.png,36.581545,120.45737
000001639.png,36.581575,120.457365
000001640.png,36.58161333333334,120.457355
000001641.png,36.58164333333333,120.45734666666668
000001642.png,36.581685,120.45733666666666
000001643.png,36.58171333333333,120.45733166666666
000001644.png,36.58175666666666,120.45732
000001645.png,36.58178166666666,120.45731333333332
000001646.png,36.58182333333333,120.457305
000001647.png,36.58185,120.45729833333333
000001648.png,36.58189333333333,120.45728666666666
000001649.png,36.58191833333333,120.45728
000001650.png,36.581955,120.45726833333332
000001651.png,36.581988333333335,120.45726
000001652.png,36.582033333333335,120.45724833333334
000001653.png,36.582058333333336,120.45724333333334
000001654.png,36.5821,120.45723166666669
000001655.png,36.58212833333333,120.45722666666668
000001656.png,36.582168333333335,120.45721833333332
000001657.png,36.582195,120.45721166666668
000001658.png,36.582238333333336,120.4572
000001659.png,36.58226666666667,120.45719333333334
000001660.png,36.582315,120.45718166666668
000001661.png,36.58234,120.457175
000001662.png,36.582391666666666,120.457165
000001663.png,36.582413333333335,120.45715833333334
000001664.png,36.582465,120.45714333333332
000001665.png,36.58248833333333,120.45714
000001666.png,36.582528333333336,120.45713
000001667.png,36.58255,120.45712333333331
000001668.png,36.58258,120.457115
000001669.png,36.582611666666665,120.45710833333334
000001670.png,36.58265333333333,120.45709666666669
000001671.png,36.582683333333335,120.45709
000001672.png,36.582726666666666,120.45707666666668
000001673.png,36.58275,120.45707
000001674.png,36.58279,120.45706
000001675.png,36.582815,120.457055
000001676.png,36.58285833333333,120.45704333333332
000001677.png,36.582885,120.45703166666668
000001678.png,36.582925,120.45702166666666
000001679.png,36.58295,120.457015
000001680.png,36.582991666666665,120.45700333333332
000001681.png,36.58302666666667,120.45699333333332
000001682.png,36.583063333333335,120.456985
000001683.png,36.58309,120.45697833333334
000001684.png,36.583133333333336,120.45696833333334
000001685.png,36.58315,120.45697
000001686.png,36.58320166666667,120.45695166666668
000001687.png,36.58323166666667,120.45694666666668
000001688.png,36.58327,120.45694166666668
000001689.png,36.58329833333333,120.45693666666666
000001690.png,36.58333833333333,120.45692666666666
000001691.png,36.583365,120.45692
000001692.png,36.58341166666666,120.45690833333332
000001693.png,36.58344,120.45689833333331
000001694.png,36.583475,120.45688333333334
000001695.png,36.58350333333333,120.45688
000001696.png,36.58354333333333,120.45686666666668
000001697.png,36.583576666666666,120.45686166666668
000001698.png,36.583621666666666,120.45684833333334
000001699.png,36.583648333333336,120.45684
000001700.png,36.583688333333335,120.45683
000001701.png,36.583711666666666,120.45681833333332
000001702.png,36.58375166666666,120.45681166666668
000001703.png,36.583785,120.45680666666668
000001704.png,36.58382666666667,120.4568
000001705.png,36.583855,120.45679
000001706.png,36.583886666666665,120.45678
000001707.png,36.58392333333333,120.45677333333332
000001708.png,36.58396166666667,120.45676333333331
000001709.png,36.58399166666667,120.45676
000001710.png,36.58403833333333,120.45675
000001711.png,36.58406166666666,120.45674333333334
000001712.png,36.58410666666666,120.45673333333332
000001713.png,36.58413333333333,120.45672666666668
000001714.png,36.58417,120.45671666666668
000001715.png,36.584203333333335,120.45671
000001716.png,36.58424333333333,120.4567
000001717.png,36.584275,120.45669333333332
000001718.png,36.58432333333333,120.45668166666668
000001719.png,36.58435166666667,120.45667333333331
000001720.png,36.58438,120.456665
000001721.png,36.58442333333333,120.456655
000001722.png,36.58445666666667,120.456645
000001723.png,36.584485,120.45664166666668
000001724.png,36.584518333333335,120.45663333333331
000001725.png,36.58454166666667,120.45661333333334
000001726.png,36.58459166666667,120.45661
000001727.png,36.58463166666667,120.45661166666666
000001728.png,36.584673333333335,120.4566
000001729.png,36.58470333333333,120.45659166666668
000001730.png,36.58474833333333,120.45658166666666
000001731.png,36.584725,120.45657666666666
000001732.png,36.584765,120.45657
000001733.png,36.58483,120.45653333333334
000001734.png,36.58486833333333,120.45652833333334
000001735.png,36.584895,120.45653166666666
000001736.png,36.58492833333333,120.456525
000001737.png,36.58496,120.45652666666666
000001738.png,36.58502333333333,120.45651
000001739.png,36.585051666666665,120.45649666666668
000001740.png,36.585096666666665,120.45648833333334
000001741.png,36.58511833333333,120.45648166666666
000001742.png,36.58515666666667,120.45646333333332
000001743.png,36.585193333333336,120.45645833333332
000001744.png,36.585231666666665,120.45644333333334
000001745.png,36.585256666666666,120.45643833333334
000001746.png,36.585301666666666,120.45642833333332
000001747.png,36.58533,120.45642166666669
000001748.png,36.585366666666665,120.456415
000001749.png,36.58538333333333,120.45640833333331
000001750.png,36.58544333333333,120.45639833333334
000001751.png,36.58546833333333,120.45638666666666
000001752.png,36.58550666666667,120.456375
000001753.png,36.585535,120.45637
000001754.png,36.58558,120.45636
000001755.png,36.58560166666667,120.45635333333334
000001756.png,36.58565,120.45634333333334
000001757.png,36.58566,120.45633666666669
000001758.png,36.58569833333333,120.45632666666668
000001759.png,36.585725,120.45631833333331
000001760.png,36.585771666666666,120.45630833333334
000001761.png,36.5858,120.456305
000001762.png,36.585845,120.45629333333332
000001763.png,36.58587333333333,120.45628833333332
000001764.png,36.58591833333333,120.45627666666668
000001765.png,36.58594833333333,120.45627
000001766.png,36.58599,120.45625833333334
000001767.png,36.58601333333333,120.45625166666666
000001768.png,36.586065,120.45624
000001769.png,36.586095,120.45623333333332
000001770.png,36.58612166666666,120.45622
000001771.png,36.58616166666667,120.45621666666666
000001772.png,36.58619166666666,120.45620833333334
000001773.png,36.58622166666667,120.45619833333332
000001774.png,36.58628333333333,120.45619666666668
000001775.png,36.586295,120.45618
000001776.png,36.58635833333334,120.45618166666668
000001777.png,36.586365,120.456165
000001778.png,36.586405,120.45615833333332
000001779.png,36.58643333333333,120.45615166666668
000001780.png,36.58647666666667,120.45614
000001781.png,36.58650166666666,120.45613333333333
000001782.png,36.586545,120.45612166666666
000001783.png,36.58657333333333,120.456115
000001784.png,36.58661333333333,120.456105
000001785.png,36.58663833333333,120.45609833333332
000001786.png,36.586695,120.45608166666666
000001787.png,36.586711666666666,120.45608
000001788.png,36.586751666666665,120.45606833333332
000001789.png,36.58678166666667,120.45606333333332
000001790.png,36.586823333333335,120.45605166666668
000001791.png,36.58685,120.456045
000001792.png,36.586893333333336,120.45603666666666
000001793.png,36.58692,120.45603
000001794.png,36.58696333333333,120.45601833333332
000001795.png,36.58699166666667,120.45601166666668
000001796.png,36.58703333333333,120.456
000001797.png,36.58706,120.45599333333334
000001798.png,36.587093333333335,120.455985
000001799.png,36.58712666666667,120.455975
000001800.png,36.58717166666667,120.455965
000001801.png,36.587185,120.455955
000001802.png,36.587221666666665,120.45595
000001803.png,36.58726,120.45594
000001804.png,36.58730833333333,120.45593
000001805.png,36.58734,120.45592166666668
000001806.png,36.58737833333333,120.45591166666668
000001807.png,36.58742333333333,120.45592166666668
000001808.png,36.58746,120.45590666666666
000001809.png,36.58748833333333,120.45589833333334
000001810.png,36.58753,120.45588833333332
000001811.png,36.58755166666667,120.45586166666666
000001812.png,36.58757166666667,120.45585666666666
000001813.png,36.58759333333333,120.45585333333334
000001814.png,36.58763666666667,120.455845
000001815.png,36.587671666666665,120.45583
000001816.png,36.587705,120.45583333333332
000001817.png,36.587735,120.45581833333334
000001818.png,36.58777666666667,120.45579666666669
000001819.png,36.58780166666666,120.45579
000001820.png,36.587845,120.45579
000001821.png,36.58787333333333,120.45578166666668
000001822.png,36.587916666666665,120.45577166666666
000001823.png,36.587963333333335,120.45576666666666
000001824.png,36.588008333333335,120.45575833333334
000001825.png,36.58803666666667,120.45575
000001826.png,36.588075,120.45574
000001827.png,36.5881,120.45573666666668
000001828.png,36.58815166666667,120.45572
000001829.png,36.588168333333336,120.45571666666666
000001830.png,36.58822166666667,120.45570666666669
000001831.png,36.58824833333333,120.4557
000001832.png,36.58829166666666,120.45568833333331
000001833.png,36.588321666666666,120.45568
000001834.png,36.588368333333335,120.45567
000001835.png,36.588395,120.45566333333332
000001836.png,36.588435,120.45565333333332
000001837.png,36.588458333333335,120.45564333333331
000001838.png,36.58849833333333,120.45563166666666
000001839.png,36.58852666666667,120.455625
000001840.png,36.588568333333335,120.45561666666669
000001841.png,36.588593333333336,120.45560666666668
000001842.png,36.588636666666666,120.45559666666666
000001843.png,36.58866666666667,120.45558666666666
000001844.png,36.5887,120.45558
000001845.png,36.58873333333333,120.45556666666668
000001846.png,36.58876833333333,120.45555333333331
000001847.png,36.588795,120.45555
000001848.png,36.588838333333335,120.45553833333334
000001849.png,36.58886,120.45553333333334
000001850.png,36.58890333333333,120.45552
000001851.png,36.58893,120.45551333333331
000001852.png,36.588975,120.455505
000001853.png,36.589005,120.45549666666666
000001854.png,36.589043333333336,120.45548666666669
000001855.png,36.58907333333333,120.45547833333332
000001856.png,36.58911833333333,120.45546666666668
000001857.png,36.58914333333333,120.45546166666666
000001858.png,36.58918833333333,120.45545
000001859.png,36.58922166666667,120.45544166666669
000001860.png,36.58927,120.45543166666668
000001861.png,36.58929166666667,120.45542666666668
000001862.png,36.58933833333333,120.45541666666666
000001863.png,36.58936166666667,120.45541
000001864.png,36.58940166666667,120.4554
000001865.png,36.58942,120.45539333333332
000001866.png,36.589461666666665,120.45538166666668
000001867.png,36.58949333333333,120.45537166666666
000001868.png,36.589545,120.45535666666666
000001869.png,36.58958166666667,120.45535833333334
000001870.png,36.589625,120.45534833333332
000001871.png,36.58965333333333,120.45534
000001872.png,36.58969333333334,120.45533166666668
000001873.png,36.58972166666667,120.455325
000001874.png,36.58976166666667,120.455315
000001875.png,36.58979166666667,120.45530833333332
000001876.png,36.58983333333333,120.45529666666668
000001877.png,36.58985833333333,120.45529
000001878.png,36.58990166666667,120.45527666666666
000001879.png,36.58993,120.45527
000001880.png,36.589978333333335,120.45525833333332
000001881.png,36.59000666666667,120.45525
000001882.png,36.59005,120.45524
000001883.png,36.59007833333333,120.45523333333334
000001884.png,36.59012,120.455225
000001885.png,36.59015,120.45522
000001886.png,36.590195,120.45520666666668
000001887.png,36.59022333333333,120.4552
000001888.png,36.59026833333333,120.45518833333334
000001889.png,36.590295,120.45518
000001890.png,36.59034,120.45517
000001891.png,36.59036666666667,120.45516333333332
000001892.png,36.590405,120.45515333333331
000001893.png,36.59043666666667,120.45514666666666
000001894.png,36.59047833333333,120.45513666666666
000001895.png,36.590505,120.45512833333332
000001896.png,36.590545,120.45511833333332
000001897.png,36.59057333333333,120.45510333333333
000001898.png,36.59062,120.45510166666666
000001899.png,36.59065,120.455095
000001900.png,36.59069,120.45508333333332
000001901.png,36.590718333333335,120.45507666666668
000001902.png,36.590761666666666,120.45506666666668
000001903.png,36.590788333333336,120.45506
000001904.png,36.590831666666666,120.45505
000001905.png,36.59086,120.45504166666667
000001906.png,36.59088666666667,120.45503333333332
000001907.png,36.59092,120.45502666666668
000001908.png,36.59095666666666,120.45501333333333
000001909.png,36.591015,120.45501666666668
000001910.png,36.591,120.45501
000001911.png,36.59103,120.45500166666666
000001912.png,36.59108,120.45498166666668
000001913.png,36.591103333333336,120.45497833333332
000001914.png,36.591166666666666,120.45496166666666
000001915.png,36.59118166666666,120.454955
000001916.png,36.59123833333334,120.45495166666667
000001917.png,36.591265,120.45494166666668
000001918.png,36.591305,120.45493
000001919.png,36.59132833333334,120.45492666666668
000001920.png,36.591366666666666,120.454915
000001921.png,36.59139666666667,120.45490666666667
000001922.png,36.591431666666665,120.45489833333332
000001923.png,36.591456666666666,120.45489166666668
000001924.png,36.59149666666666,120.45487666666666
000001925.png,36.591528333333336,120.45487
000001926.png,36.59157666666667,120.45486
000001927.png,36.59160666666666,120.454855
000001928.png,36.591656666666665,120.45483833333331
000001929.png,36.59168666666667,120.45483
000001930.png,36.591725,120.45482333333334
000001931.png,36.59175,120.45481333333332
000001932.png,36.59178833333333,120.454805
000001933.png,36.591818333333336,120.45479833333331
000001934.png,36.59186,120.45478666666666
000001935.png,36.591883333333335,120.45478333333334
000001936.png,36.59192,120.45477166666667
000001937.png,36.591953333333336,120.454765
000001938.png,36.59200166666667,120.454755
000001939.png,36.59202666666667,120.45474666666668
000001940.png,36.59207166666667,120.45473
000001941.png,36.592101666666665,120.45473
000001942.png,36.59213833333333,120.45472333333332
000001943.png,36.592171666666665,120.454715
000001944.png,36.59222833333333,120.45468833333334
000001945.png,36.59225666666666,120.45468166666669
000001946.png,36.59229666666667,120.45467166666668
000001947.png,36.59232,120.45467666666669
000001948.png,36.59236333333333,120.45465166666666
000001949.png,36.59239,120.45465
000001950.png,36.592463333333335,120.45465166666666
000001951.png,36.59249,120.45464666666666
000001952.png,36.592535,120.45463333333332
000001953.png,36.59256166666667,120.454625
000001954.png,36.59258333333333,120.45459666666666
000001955.png,36.59261166666667,120.45459
000001956.png,36.59265166666667,120.454585
000001957.png,36.59267333333333,120.45458
000001958.png,36.592715,120.454575
000001959.png,36.59275,120.45456
000001960.png,36.59278833333333,120.45455833333334
000001961.png,36.59281666666666,120.45455166666666
000001962.png,36.59285666666667,120.45454166666669
000001963.png,36.592886666666665,120.45452833333331
000001964.png,36.59292833333333,120.454525
000001965.png,36.59296,120.45451666666666
000001966.png,36.59300666666667,120.45450666666666
000001967.png,36.593035,120.45450166666669
000001968.png,36.59308,120.45448833333332
000001969.png,36.59310333333333,120.45448333333331
000001970.png,36.593145,120.45447333333334
000001971.png,36.593183333333336,120.45446333333334
000001972.png,36.59322,120.45445166666669
000001973.png,36.59324333333333,120.45444666666668
000001974.png,36.59328666666666,120.45443666666668
000001975.png,36.59332333333333,120.45442833333334
000001976.png,36.59336166666667,120.45441333333332
000001977.png,36.593383333333335,120.45440333333332
000001978.png,36.59342333333333,120.45439333333331
000001979.png,36.59345166666667,120.45438666666666
000001980.png,36.59350166666667,120.45437666666666
000001981.png,36.593525,120.45436833333332
000001982.png,36.593563333333336,120.45436
000001983.png,36.593595,120.45435166666668
000001984.png,36.59364,120.45434
000001985.png,36.593673333333335,120.45433
000001986.png,36.59370833333333,120.45432
000001987.png,36.593745,120.45431333333332
000001988.png,36.59378333333333,120.45430666666668
000001989.png,36.59381166666667,120.454295
000001990.png,36.593853333333335,120.45428833333334
000001991.png,36.59388166666667,120.45428333333334
000001992.png,36.59393,120.45426833333332
000001993.png,36.593961666666665,120.45426166666668
000001994.png,36.59399333333333,120.45425666666668
000001995.png,36.594025,120.454245
000001996.png,36.59406833333333,120.454235
000001997.png,36.59410166666667,120.45422666666668
000001998.png,36.59415,120.454215
000001999.png,36.594175,120.45420833333333
000002000.png,36.59421833333333,120.45419833333334
000002001.png,36.59424833333333,120.45419166666667
000002002.png,36.59428666666667,120.45418166666668
000002003.png,36.594315,120.45417666666668
000002004.png,36.59435666666667,120.45416333333333
000002005.png,36.59438333333333,120.45415666666666
000002006.png,36.59442666666666,120.45414666666667
000002007.png,36.594455,120.45413833333332
000002008.png,36.59449666666666,120.45412833333332
000002009.png,36.594523333333335,120.45412
000002010.png,36.59456333333333,120.45411166666666
000002011.png,36.59459,120.45410333333334
000002012.png,36.59464,120.454095
000002013.png,36.59466333333334,120.45408666666668
000002014.png,36.59470833333334,120.45407666666668
000002015.png,36.594735,120.45407
000002016.png,36.594773333333336,120.45406333333334
000002017.png,36.59480833333333,120.45405333333332
000002018.png,36.594835,120.45405
000002019.png,36.594875,120.45403666666668
000002020.png,36.59491833333333,120.45402666666666
000002021.png,36.59494333333333,120.45402
000002022.png,36.594993333333335,120.45400666666669
000002023.png,36.59502166666667,120.454
000002024.png,36.595063333333336,120.45399
000002025.png,36.59508666666667,120.45398333333333
000002026.png,36.59513,120.45397166666666
000002027.png,36.59516333333333,120.453965
000002028.png,36.59520333333333,120.45395333333332
000002029.png,36.59522833333333,120.45394833333332
000002030.png,36.59525666666666,120.45393666666666
000002031.png,36.59531,120.45394333333331
000002032.png,36.59535833333333,120.45393166666666
000002033.png,36.59539,120.45392333333334
000002034.png,36.59542666666667,120.453915
000002035.png,36.59543333333333,120.453895
000002036.png,36.59547833333333,120.45388166666666
000002037.png,36.595508333333335,120.45387333333332
000002038.png,36.59555,120.45386166666668
000002039.png,36.59558,120.45385833333332
000002040.png,36.595623333333336,120.453845
000002041.png,36.59566,120.45384333333334
000002042.png,36.595695,120.45383666666666
000002043.png,36.59572,120.45383
000002044.png,36.59575666666667,120.45381333333331
000002045.png,36.59579166666666,120.45380333333334
000002046.png,36.59583166666667,120.45379166666666
000002047.png,36.59586,120.45378666666667
000002048.png,36.595911666666666,120.45378166666669
000002049.png,36.59594166666667,120.45377666666668
000002050.png,36.595983333333336,120.45376833333331
000002051.png,36.596015,120.45376
000002052.png,36.59605166666667,120.45374666666666
000002053.png,36.596075,120.45374
000002054.png,36.59612,120.45372833333332
000002055.png,36.59614833333333,120.45372
000002056.png,36.59619,120.45371
000002057.png,36.59621833333333,120.45370333333334
000002058.png,36.59625666666667,120.45369333333332
000002059.png,36.59628333333333,120.45368833333332
000002060.png,36.596325,120.45367833333331
000002061.png,36.596355,120.45367
000002062.png,36.59639333333333,120.45366166666666
000002063.png,36.596426666666666,120.453655
000002064.png,36.596465,120.453645
000002065.png,36.59648666666666,120.45364
000002066.png,36.596536666666665,120.45363
000002067.png,36.59657333333333,120.45362166666666
000002068.png,36.59661166666667,120.45361333333334
000002069.png,36.59663833333333,120.45360333333332
000002070.png,36.596671666666666,120.45359166666668
000002071.png,36.59670833333333,120.45358333333331
000002072.png,36.59675333333333,120.45357166666666
000002073.png,36.596781666666665,120.45356666666666
000002074.png,36.59682333333333,120.45355666666669
000002075.png,36.596851666666666,120.45355
000002076.png,36.59689166666666,120.45354
000002077.png,36.596918333333335,120.45353166666666
000002078.png,36.59695833333333,120.45352166666666
000002079.png,36.596988333333336,120.45351333333332
000002080.png,36.597031666666666,120.45350333333332
000002081.png,36.59706166666667,120.453495
000002082.png,36.597105,120.453485
000002083.png,36.59713166666667,120.45347666666666
000002084.png,36.59717666666667,120.453465
000002085.png,36.597188333333335,120.45346166666668
000002086.png,36.59724333333333,120.45344666666666
000002087.png,36.597276666666666,120.453435
000002088.png,36.59731833333333,120.45342333333332
000002089.png,36.597348333333336,120.45341333333332
000002090.png,36.597386666666665,120.453405
000002091.png,36.59741666666667,120.4534
000002092.png,36.59745333333333,120.4534
000002093.png,36.597485,120.45338166666669
000002094.png,36.59753166666667,120.45336833333332
000002095.png,36.59756,120.45337
000002096.png,36.59760166666667,120.45336
000002097.png,36.59762833333333,120.45335666666666
000002098.png,36.59767166666666,120.45334666666666
000002099.png,36.59769833333333,120.45333666666669
000002100.png,36.59774333333333,120.45332333333332
000002101.png,36.597768333333335,120.45331666666668
000002102.png,36.59780833333333,120.45330333333334
000002103.png,36.59784,120.45329333333332
000002104.png,36.597895,120.453285
000002105.png,36.59792166666666,120.45327666666668
000002106.png,36.59796,120.45326833333333
000002107.png,36.59798833333333,120.45326166666666
000002108.png,36.59802833333333,120.45325166666667
000002109.png,36.59804833333333,120.45324666666669
000002110.png,36.59809,120.45323666666668
000002111.png,36.59811833333333,120.45323
